Cluster,Age,BMI,SystolicBP,DiastolicBP,Glucose,TotalCholesterol,Calories,Protein,Carbs,Sugar,Fiber,Fat,MedicationCount
0,34.9501326259947,27.200636604774534,117.51830238726791,68.47851458885941,102.7501326259947,180.91193633952255,3193.6997347480105,119.98363395225464,383.6696816976127,173.79429708222813,24.022864721485412,125.29218037135279,1.6122015915119363
1,8.596124031007752,21.3068992248062,110.52868217054264,62.53023255813954,104.06279069767442,165.3813953488372,1482.4945736434108,53.96618604651163,189.95908527131783,88.08591472868217,11.143643410852713,56.25573643410852,1.0829457364341086
2,26.765832889835018,25.42346993081426,110.28951569984034,64.7131452900479,104.39329430548165,178.07610431080363,1688.4598190526876,63.885774348057474,212.34671101649815,92.77383182543906,13.5084619478446,63.538988823842466,1.1931878658861097
3,9.64107395195478,20.822797927461142,112.09514837494112,58.998586905322654,104.390956194065,164.87847385774847,1675.4672633066416,61.26038624587847,218.23226566179932,101.30185586434291,12.223410268487989,61.82472915685351,1.1907677814413566
4,57.578385590393594,29.83452301534356,128.82388258839225,71.14876584389593,115.67011340893929,192.19146097398266,1683.3355570380254,66.2362108072048,202.5765877251501,85.5053335557038,13.636524349566379,63.42917278185457,3.665110073382255
